Cluster,Mean Duration,Median Duration,Trip Count,Duration Std Dev
0,12.754135338345865,13.0,1330,5.878286571274393
1,154.0,146.0,20,16.248076809271918
2,36.70317002881844,33.0,347,11.05274094545886
