Cluster,Mean Duration,Median Duration,Trip Count,Duration Std Dev
0,12.749244712990937,13.0,1324,5.880181123175986
1,36.78823529411765,33.0,340,11.135098636985116
2,154.0,146.0,20,16.248076809271918
